venue_id,venue_name,veunue_category
4bd045ab41b9ef3bd4b8f9e5,Lehman High School,High School
4c3f09b998ea9c74a896c0b5,NYU 650 1st Ave,Coworking Space
5224b8ba11d21137e81a0b72,Cranberry,Deli / Bodega
4b2043b6f964a5209b2f24e3,Rex Manor,Event Space
4d4d0c5c80cb6dcbbf410b01,"Greenville, NY",Town
421a7600f964a5209b1f1fe3,The Bourgeois Pig,Wine Bar
4b009af0f964a520e53f22e3,Riviera Maya,Mexican Restaurant
4bfe610eb68d0f472b10ea57,Garden State Honda,Automotive Shop
4afa22cff964a520fd1622e3,Washington Heights,Neighborhood
4ba26fedf964a520eaf837e3,Prospect Park Ball Fields,Baseball Field
4cf6609ee308236af9cae5ac,Port Authority Boat Police,Boat or Ferry
4d88f9cfd85f37048f42dddb,Alobar,American Restaurant
47b71fcff964a520b14d1fe3,Light Horse Tavern,American Restaurant
4b565f0ef964a5209a0d28e3,Super Stop & Shop,Supermarket
4fa66e8ae4b0e4baa3615121,ustwo New York,Office
3fd66200f964a52023eb1ee3,Peasant,Italian Restaurant
4bd5d466637ba593c41af770,Capital One Bank,Bank
4b047a60f964a5207e5422e3,"The Lexington NYC, Autograph Collection",Hotel
4a1099f5f964a520e5761fe3,Rhythm & Booze,Sports Bar
4b6cd947f964a520ee582ce3,Gnarly Vine Wine Bar,Wine Bar
4df224c4c65bf55ee52637ec,Mizuho Bank Ltd.,Professional & Other Places
4cd969f33ec4b1f72b7fc33f,"Pelham Manor, NY",City
4c4f53cfbec4d13a5e610c62,Rahway Farmers Market,Farmers Market
42911d00f964a520f5231fe3,New York Penn Station,Train Station
4e8a3e859a524097dc0ebc2d,Dunkin' Donuts,Donut Shop
4b3fa52cf964a52021ab25e3,Dunkin Donuts,Donut Shop
4bc011c02a89ef3b4e24f088,Raritan Bay - Perth Amboy,Hospital
4ff1b197c593c9d1f5b633f6,Speedway,Gas Station
4e9cb6a1b6348df6f6df0c64,Pound Ridge Wine & Spirits,Liquor Store
5289f48f498ec175731e0d7d,MTA Bus - Q70 Limited,Bus Line
43680180f964a5207f291fe3,College of Mount Saint Vincent,University
4dfe397c62848aca58a20afd,Big Deep,Lake
4cdb2567930af04de1038997,5 Below,Department Store
4c62e688e1621b8dac962453,Easter Seals Camp Merry Heart,Campground
4eaa776e4fc6d0cb8bba966e,Wakefield,Neighborhood
41156d00f964a520f40b1fe3,Metropolitan,Gay Bar
4bc8ff5bfb84c9b6f8471a3e,Western Beef,Grocery Store
4b4a2e99f964a520ac7d26e3,Murray Hill,Neighborhood
4f06e96ae4b039f5ab47d311,Bus Stop 483,Bus Line
4ab5698ef964a520767420e3,Theatre 80,Performing Arts Venue
50551da7e4b04495bd22ec89,West Main Supermarket,Deli / Bodega
5258d941498e6380eaeb3cee,Black Bear Bar,Bar
5424b59d498e51842d206734,fran's yacht,NA
4dd480081f6ec4e0bb7c5af8,Lenox Terrace - The Fontainbleu,Residential Building (Apartment / Condo)
4e5bf988a809216313faab00,Tire kingdom,NA
4ca38721d7c337043fc0a162,"Paramus, NJ",City
4b8bfeabf964a52029b732e3,McDonald's,Fast Food Restaurant
4c0cfdbb7189c9281544d6b6,1133 Avenue Of The Americas,Office
56226276498ee4a64edd5682,Stop & Shop,Supermarket
4adfbedbf964a5202e7d21e3,State Street Grill,Diner
4c2f78217cc0c9b6efc0eb9a,Despana Brand Foods,Gourmet Shop
4a5a4eb2f964a52021ba1fe3,Central Park - North Meadow,Park
42474900f964a52078201fe3,BAR-Coastal,Bar
4d042c5b28926ea811226ac2,King Cole Bar,Cocktail Bar
534812c9498ea391fbd552eb,Paintbox,Nail Salon
540ce9d0498e8ef1a0ad6a85,Burger Village,Burger Joint
4b3bd808f964a5206c7c25e3,Green Cafe,Café
4ca3394ffcaebfb75cf4c084,Oren's Daily Roast,Coffee Shop
4bd227559854d13a6617fb4d,Weequahic Park,Park
4de54677e4cde71744a4fba8,AppNexus,Tech Startup
4b8cbe90f964a52000dc32e3,Walmart,Big Box Store
4a84eb0af964a520e1fd1fe3,Starbucks,Coffee Shop
4569264af964a520de3d1fe3,Home Sweet Home,Nightclub
4b6755a4f964a520b4482be3,Ben & Jerry's,Ice Cream Shop
4c5f529ab6f3be9a8f085d73,"Queens Village, NY",Neighborhood
4dd8645bb0fb8af3809f5226,"Cinnaminson, NJ",City
4d9f2d0cd055a090fbb10b3c,SUBWAY,Sandwich Place
54f88aca498ef5878dd99edd,City Kitchen,Food Court
4c3893031e06d13a7aeb773e,Beny's Delice,Bakery
4a3ee14ef964a52085a31fe3,Maya,Latin American Restaurant
4b020207f964a520294722e3,Boston Consulting Group,Office
4bbb8a5d51b89c745857862a,Petro Stopping Center,Gas Station
4ebe8b3329c25ce5a16352e5,Earl's Hot Tub Time Machine,Theme Park
4a676294f964a5204ec91fe3,News Corp Building,Office
4d004d2f202e224bd8fab22a,New York Burger Co,Burger Joint
4c5463c31b46c9b6868984ce,Witty's Fine Wines & Liquors,Liquor Store
4c6a888e2c29d13ab3f10d41,ABVI Call Center,Coworking Space
4dfe4e532271043ca80999d4,"Whiting, NJ",City
4ba52663f964a52038e438e3,Coffee Culture,Coffee Shop
44704e4df964a5208e331fe3,Cocoa Bar,Café
53be8d24498e45bc977e1b10,Dunkin Donuts,Donut Shop
50ad5dd5e4b02888e5edc352,Southwest NY,Mexican Restaurant
4dd7c0afd1647fcf3e518ff3,Smorgasburg Williamsburg,Street Food Gathering
53d43b71498eecb01f25a973,Tang Maru 탕마루,Korean Restaurant
4cbb676bbac937049de8f17c,Chelsea,Neighborhood
4bef1217c80dc928df7427e3,Tai Shuang Spring Resort,Massage Studio
3fd66200f964a5202ee41ee3,Coyote Ugly Saloon,Dive Bar
4ca4e519a6e08cfa884d6c94,Midtown Manhattan,Neighborhood
4baa346ef964a5200e533ae3,Knot Just Bagels,Bagel Shop
55c6dcdf498e156e9b0d2b10,Pig 'N' Whistle,Bar
4d98aa19647d8cfa91b4f43d,Lockwood's Greenhouses,Flower Shop
412d2800f964a520df0c1fe3,Central Park,Park
4a8f2f39f964a520471420e3,Takahachi,Sushi Restaurant
4ace6c89f964a52078d020e3,LaGuardia Airport (LGA),Airport
4e610bb61495676d55205713,Whigham Funeral Home,Funeral Home
4ee8dac5108135b4c858ac49,Bryan Park,Park
49d18dfdf964a5208f5b1fe3,The Plaza Hotel,Hotel
4bd482cb4e32d13a5840bf80,St. Luke's Theatre,Indie Theater
4b9000f9f964a520816f33e3,Computer Science Lounge - Columbia University,Student Center
4a7cd0bcf964a520bced1fe3,Lincoln Plaza Cinemas,Movie Theater
4bd0ff0ccaff95211a13d0f0,TD Bank,Bank
4c3d106fb169c9b6d3a24668,"Jersey City, NJ",City
4ddc143fd4c082f960be9c3c,Westchester County/Bronx Border,Border Crossing
4ba422eff964a520278538e3,Spinning Room,Bar
568dd1a0498eea0e9a0d3c4e,Ike's Tavern,Pub
4bd44b84a8b3a5937e7f6b5f,MetLife Stadium,Football Stadium
4ba5023af964a520c4cf38e3,Sears,Department Store
4bc8f830fb84c9b6b3321a3e,Avanti Nail & Spa,Spa
4c0638425753c92845853af1,Riverside Clay Tennis Association,Tennis Court
56072426498eef0c16d12919,The Recovery Room Bar and Grill,Bistro
49e36914f964a5207b621fe3,Herald Square,Plaza
4e0df2eb8877936cb400531c,Haven Plaza,Plaza
4bdf65630ee3a5931e2334b0,Lakeside Lodge and Grille,American Restaurant
4b4c2344f964a520b0ae26e3,Chipotle Mexican Grill,Mexican Restaurant
51d88578498ef3b3e9b5e975,Pier 115 Bar & Grill,New American Restaurant
4bf82d4e4a67c928beef24cf,Westside Restaurant,Diner
4aa68df2f964a5202a4a20e3,Fairway Market,Grocery Store
53ba917a498e7e355fb44a7e,littleBits,Tech Startup
4d4ef10d4a38b60c3219ef66,St. Sebastian Roman Catholic Church,Church
49b79f54f964a5202c531fe3,Rockefeller Center,Plaza
4a6f3aa4f964a520add51fe3,Queens College,University
4a417310f964a52052a51fe3,Lincoln Park Grill,Sports Bar
4b9f77cdf964a5208e2437e3,Dunkin' Donuts,Donut Shop
4ce7f567595cb1f78bbfc514,Chase Bank,Bank
4b19bf81f964a52050e323e3,Cask Bar & Kitchen,Pub
4bb0b87ff964a52077573ce3,Flannery Animal Hospital PC,Pet Service
4e6935d6aeb7de9a58cd1a93,Clay Street Bridge,Bridge
4b7ae7b8f964a52020452fe3,Rincon Criollo,Cuban Restaurant
4be5f63acf200f47c503143c,Kaya Garden,Korean Restaurant
4a271f0bf964a5205b911fe3,Magnolia Bakery,Bakery
4d965fc361a3a1cd6c979a42,East River Park Track,Track
4b0db5a0f964a5205d4e23e3,La Campagnola,Italian Restaurant
4b74c245f964a5207df02de3,Panera Bread,Bakery
4ba981f3f964a5205b2b3ae3,The Meat Hook,Butcher
4df7d9dea809df9984e7f713,Nove,Italian Restaurant
4d95f3120caaa143758c6ab3,The Moon,Other Great Outdoors
4b004685f964a5203c3c22e3,Brooklyn Guitar School,Music School
49d60947f964a520a85c1fe3,Citi Field,Baseball Stadium
4c707a36df6b8cfae192b84d,Belle Harbor Steak & Seafood,Steakhouse
4a4821f5f964a52095aa1fe3,Lincoln Tunnel,Tunnel
4bd30ba99854d13a78b9fc4d,Copper Kettle Deli,Deli / Bodega
3fd66200f964a5205de41ee3,L'Express,French Restaurant
4b5b7472f964a5204aff28e3,Dynasty Buffet,Chinese Restaurant
4c366602dfb0e21e580aaba8,VI Pizza,Pizza Place
4e0dd18914956c6284f39c3d,Tom Benway's Auto Service,Automotive Shop
3fd66200f964a520e9e51ee3,Blue Note,Jazz Club
4c55de2ffd2ea5934356732c,Tops Friendly Markets,Supermarket
4bf0322a3a002d7f88cc85a4,Fly 92.3,Radio Station
4bedfb6ca40fc9288bde820c,Prospect Heights,Neighborhood
3fd66200f964a5201dea1ee3,Virgil's Real BBQ,BBQ Joint
4fd4ff3ce4b0bd432923a7c7,Brooklyn Bridge Park Pebble Beach,Beach
4ac4d8d4f964a520309f20e3,Elegante Pizzeria,Pizza Place
4be1dcc440c0ef3b2f5cbed6,Fort Tryon Park,Park
532759da498e08214788abac,Left Hand Path,Bar
4bb0371bf964a520ac3c3ce3,Van Cortlandt Park Golf Course,Golf Course
4b6b8022f964a520b20c2ce3,McDonald's,Fast Food Restaurant
4bc60954b387d13aa02ec1e8,Stewart's Root Beer Drive-In,American Restaurant
4fd9ef69e4b0edbd19d91c17,Jefferson Cleaners,Laundry Service
5047c785e4b0bcc0f416cdb3,GRK Fresh Greek - Financial District,Greek Restaurant
4bcc4d23511f95217ab3b2c7,Princeton MINI,Automotive Shop
4b5e425af964a520808629e3,Outback Steakhouse,Steakhouse
4adf7af0f964a520fa7a21e3,Tipsy Parson,New American Restaurant
4b773c2ff964a520608a2ee3,Randazzo's Pizza,Pizza Place
4be7168c2457a593bd87ad15,Boston Market,Fast Food Restaurant
3fd66200f964a52008e91ee3,Irving Farm Coffee Roasters,Coffee Shop
4d34a091c6cba35dec2f357a,Maison Premiere,Seafood Restaurant
4c6c6549a437224b694a2ab1,Municipal Credit Union,Credit Union
4ce59cc1023676ebea35ebb9,Marshalls,Department Store
4a86083ff964a520230020e3,Giovanni's,Pizza Place
4d10bf957177b1f75f445322,Lush,Cosmetics Shop
4beeed372c082d7f2f203142,The Fat Lady Cafe,Café
40d38200f964a52041011fe3,Midtown Comics,Comic Shop
4bc41a59dce4eee18ff0719d,North Brooklyn YMCA,Gym / Fitness Center
46e53f29f964a520b74a1fe3,Blue Ribbon Downing Street Bar,Wine Bar
4ada21a2f964a520d91e21e3,Burlington Coat Factory,Department Store
4b6e0e2af964a52004a72ce3,Arad Evans Inn,New American Restaurant
4c0a763effb8c9b60f8d6b61,Applebee's,American Restaurant
523cc0df11d2ba091e493432,The Halal Guys,Halal Restaurant
50ca2615e4b05efe2742f99a,Tous les Jours,Bakery
4a9f39cbf964a520f73c20e3,Hell's Kitchen Lounge,Lounge
4b63353ef964a520b26a2ae3,LabCorp,Medical Center
4c44c24374ffc928a50276cc,Crown tire,Automotive Shop
4e498108aeb7de71b38b6977,Morrisburg Waterfront,Beach
3fd66200f964a520fbe31ee3,Dim Sum Go Go,Dim Sum Restaurant
4459d2f1f964a520d7321fe3,Newark Liberty International Airport (EWR),Airport
4b4a2dabf964a5207f7d26e3,The Home Depot,Hardware Store
4a6ef9a8f964a52020d51fe3,BBDO New York,Advertising Agency
4bbbd920afe1b7133ecd2f4b,Big Deal Supermarket,Supermarket
4cd3f20d9828b60cc31ad884,"The Bronx, NY",County
46712cd5f964a520c8471fe3,Starbucks,Coffee Shop
4be56742bcef2d7fb5b903e5,Big Indian Smoke Shop,Smoke Shop
4c56c560cc96c9b6a35a772e,Adams Bagel,Deli / Bodega
4a894b84f964a520da0720e3,"Wachtell, Lipton, Rosen & Katz",Office
4bf2fe342d629521fde55f58,Craig Elementary School,Elementary School
4c9d70a0ca44236a1d3d2199,Sunoco,Gas Station
4b069e81f964a520cfed22e3,Starbucks,Coffee Shop
43a52546f964a520532c1fe3,John F. Kennedy International Airport (JFK),Airport
4e6780052271517970320f8e,Our Lady Of Victory Church,Church
502a362ee4b067b3605d2117,Bus Stop,Bus Station
4276bf00f964a5208c211fe3,PS 450,Bar
49da5ee0f964a5207c5e1fe3,Equinox Brooklyn Heights,Gym / Fitness Center
4459d2f1f964a520d7321fe3,Newark Liberty International Airport (EWR),Airport
4df2f04dd4c01ff6b2eaca87,Brownsville,Neighborhood
3fd66200f964a520d8f11ee3,City Hall Park,Park
4bdcb8e82a3a0f47261bb4b6,ShopRite,Supermarket
4c62f39658810f47207a081e,Underhill Field,Baseball Field
42893400f964a52052231fe3,Prospect Park,Park
412d2800f964a520df0c1fe3,Central Park,Park
4b461735f964a5200c1626e3,UM (Universal McCann),Office
5356de6c498e04a5fe0bec0e,Grand Central Tech,Non-Profit
4bc0bdf1b492d13a53c7a460,Staten Island Diner,Diner
53357ed711d294993167bfcf,33 west 46th street,Building
51c99f04498eba84a5feaf31,Patisserie Florentine,Bakery
4ac13d5ff964a5205b9620e3,Equinox East 74th Street,Gym / Fitness Center
4b227e8af964a520c24724e3,44 Wall Street,Office
4a9a86dcf964a520cc3120e3,goodyoga,Yoga Studio
4a0c2e7bf964a52014751fe3,New York Hilton Midtown,Hotel
43edcea1f964a520522f1fe3,Neue Galerie,Art Museum
4c54253a06901b8de31e4c4b,IHOP,Breakfast Spot
4bc4d5b92a89ef3b59e5f688,Greenwich Locksmiths,Locksmith
4b8aacaff964a5200f7932e3,East Orange General Hospital,Hospital
4c73ff51ff1fb60c0a40f2a7,Shell,Gas Station
4d9c4b8e09c0a1cd7320b52b,"Gardiner, NY",City
5309676d11d21cbecc67fa01,The Roost,Bar
4cd56354122ba1436d9d2ba1,HIT Training,Gym
56278497498e49a1e052a60b,Stop & Shop,Supermarket
41390580f964a520dc1a1fe3,Chelsea Market,Market
4beaf947b3352d7f41dd55d2,Dorothy Young Center For The Arts,College Arts Building
4b81afc1f964a520d6b730e3,Piggy Pat's BBQ,BBQ Joint
4ce83e12f1c6236a40a25ef0,Rite Aid,Drugstore / Pharmacy
4b76ed15f964a520366b2ee3,Central Park Loop,Track
4c9a999d292a6dcb7871d076,Riverpark,American Restaurant
54fbd4e9498ef41b017460cb,Judy's Place,Event Space
50c0e63180557fdd4096bbea,Philly Pretzel Factory,Bakery
533002d2498eed2c78a1b33b,1744 clay ave,Residential Building (Apartment / Condo)
4c26424a136d20a1a1fee461,Cusinera,Asian Restaurant
4bcb5757b6c49c74e8fd9191,Alfie's Pizza,Pizza Place
49b79f54f964a5202c531fe3,Rockefeller Center,Plaza
4c2290aa9085d13a998e86cc,Nail House VII,Nail Salon
4c9dcc41e9a7ef3b1e143e16,BJ's Wholesale Club,Warehouse Store
4b1165c8f964a520ab7b23e3,Montclair Art Museum,Art Museum
568d9b1d498e59d7dd37e8b9,the Buffalo Head,Bar
4dea80c2fa76cc1b8ae72510,Governors Island,Island
4e877537be7b72ae72b94062,Big Wrench Piano Care & Musician's General Store,Music Store
4d3cb89d14aa8cfaaf85ac5e,Bensonhurst,Neighborhood
3fd66200f964a520ddf01ee3,Yankee Stadium,Baseball Stadium
4bdd9bc1be5120a1d676fe70,Joe Michaels Mile,Trail
4fb0fbf1e4b0861ead73f6ce,Sweetleaf,Café
43a52546f964a520532c1fe3,John F. Kennedy International Airport (JFK),Airport
4c851ea747cc224b83ee9d9f,SUBWAY,Sandwich Place
4bae9e05f964a52039c73be3,Tim Hortons,Coffee Shop
4a19bcb9f964a520457a1fe3,LIRR - Flushing-Main Street Station,Train Station
4b92be01f964a520641734e3,Dunkin Donuts,Donut Shop
4a3ad481f964a52057a01fe3,Mikie Squared,Sports Bar
50451c40e4b074fa44ebca7a,The Westin New York Grand Central,Hotel
412d2800f964a520df0c1fe3,Central Park,Park
501c0500d63ebbbc53656b80,Maki Fund HQ,Tech Startup
4721e78af964a520c94b1fe3,New York Sports Club,Gym
4e9c1e984690c21335b4e85c,The Hub,Other Great Outdoors
50bcb6e4e4b018fd4d882384,Hudson Rouge,Advertising Agency
4b661543f964a520b7122be3,Harriman State Park,Trail
52667338498e2fc7de530922,Fogo de Chão,Churrascaria
4a652404f964a5205ec71fe3,St. John's University,University
5638bae4cd10d545744a7641,MTA - B1 (West St & Ave. X),Bus Station
4c20c6354889a593d3df2620,Monsignor João S. Antão School #31,School
52447473345688b9d8ef3cfb,White Castle,Fast Food Restaurant
4bb4f202eb6dd13ab88c96e4,George F. Smith Library,College Library
4f9d87b0e4b0f1efa8e3cfae,Shine spa,Spa
545a2741498e24e65e2636f3,Topshop Topman,Clothing Store
4ec53d5db6340064ff62b6ce,NYCCT Vorhees Building,College Academic Building
4bd092a1caff95215e18cff0,J.P. Morgan,Office
4eaf26ecb8035841e35beb96,Chase Bank,Bank
4bc5e49651b376b028931a6f,Clearview Farms,Farm
507ff060e4b071f5f0208041,Pick A Bagel,Bagel Shop
5528492c498e0ad634ffdfd7,Filgers East End,Bar
522b3ea111d20c34e094ccf0,Konditori,Café
4bb51924f562ef3bc97b2e97,Sam Ash,Music Store
4c18d261fe5a76b0f18d0215,Tuxedo Park,Building
4b5bbb71f964a520f21229e3,Cheesequake Service Area,Rest Area
5492c1ac498e8912e761756f,Gregory's Coffee,Coffee Shop
4b4b8ac4f964a520ab9f26e3,Starbucks,Coffee Shop
4297b480f964a52062241fe3,American Museum of Natural History,Science Museum
4d31e790c6cba35dfad61b7a,St. Anastasia R.C. Church,Church
4eea603cbe7b7263daa77dbe,Bubbles R Us Laundromat,Laundry Service
4b3a1e22f964a5204e6125e3,"Englewood, NJ",City
4b1a846ff964a5207feb23e3,New York Running Company,Sporting Goods Shop
3fd66200f964a52020e81ee3,Beacon Theatre,Concert Hall
52caf72111d225873165957e,Gym@Acacia,Gym / Fitness Center
4b44a1cbf964a52033f825e3,Duane Reade,Drugstore / Pharmacy
4ca4cf53a73cb60c16582478,Little Cupcake Bakeshop,Cupcake Shop
4b5b6e1ef964a52073fd28e3,Brother's Bakery,Bakery
54a34824498eae35a29482f9,Notch 8 Cafe,Café
49f3261bf964a520696a1fe3,Clark's Restaurant,Diner
528851c411d2ab3eac8d4a04,Analogue,Cocktail Bar
4cc6ef3042d1b60c801f2c13,31 W 52nd St,Office
4de43bb11520b8ceaac8b906,Amorino Gelato,Ice Cream Shop
4ba4fbb8f964a52015cc38e3,Paramus Catholic High School,High School
4bf1b90152bda593a3e2b1b7,Avis Car Rental,Rental Car Location
4f01d53db8f787cad2e92b48,Consulate General of the Federal Republic of Germany,Embassy / Consulate
4bddd96f587b2d7f52555509,Blue Heron Pines Golf Club,Golf Course
5143d30ae4b0a40e3657e8da,La Gratella,Pizza Place
4cd08da07561236af1ef2cf3,Hudson Greene Market,Gourmet Shop
51deeb27498e0bcc94b6538c,Lady M Cake Boutique,Bakery
49a411d4f964a5209b521fe3,Union League Club,Social Club
4c826ebdd8086dcb1e3e7652,Midland Beach Board Walk,Beach
4fd22e4be4b03d97fe07e113,Ford Lincoln Of Queens Service Department,Automotive Shop
4e932e7fb8032b150b0cd628,Burger Club,Burger Joint
3fd66200f964a52005e71ee3,S.O.B.'s,Bar
51ea0c7b8bbd8c94347df35d,OBAO Hell's Kitchen,Thai Restaurant
4b5223aef964a520e56a27e3,Wawa,Convenience Store
4bfa99384a67c9286a7528cf,Dr Parhar Office,Doctor's Office
49c27575f964a520f1551fe3,Union Square Greenmarket,Farmers Market
51239a83e4b0272e5ce2db04,Spreads,Sandwich Place
43a52546f964a520532c1fe3,John F. Kennedy International Airport (JFK),Airport
4c0560c8f56c2d7f1e911f66,Citibank,Bank
4c3a0c4218e72d7f46381bf5,NJ Turnpike Toll Plaza,Toll Plaza
3fd66200f964a520d7f11ee3,Bryant Park,Park
4ae1d8b2f964a520e78721e3,Peking BBQ Chicken,Chinese Restaurant
4d9cfefbc99fb60c9133be8b,"Little Neck, NY",Neighborhood
549a24a4498e739daa80ade0,Cooper's Craft & Kitchen,Bar
500f1caae4b0a7636de2da0a,Oakwood,Neighborhood
4a8ed35af964a520cb1220e3,Pasta Lovers Trattoria,Italian Restaurant
4a86d281f964a5204d0120e3,Modell's Sporting Goods,Sporting Goods Shop
4c814b6047cc224b8de07a9f,Billy Jean's Salon,Salon / Barbershop
53a226da498e56438a804408,la tarte flambée,French Restaurant
43a52546f964a520532c1fe3,John F. Kennedy International Airport (JFK),Airport
49cbb6f9f964a5200f591fe3,Saks Fifth Avenue,Department Store
54592668498ea9af6f9c7202,Brodo,Soup Place
4459d2f1f964a520d7321fe3,Newark Liberty International Airport (EWR),Airport
4c59fb2304f9be9abebcf060,Pequest Fish Hatchery,Other Great Outdoors
49ee4419f964a52041681fe3,Dixon Place,Bar
4c0430e330229521f3b5de81,IHOP,Breakfast Spot
4c39e337dfb0e21e7a1bb1a8,St Elizabeth of Hungary Church,Church
4cfc03bf20fe3704aa6a57f8,IHOP,Breakfast Spot
4a4a9f62f964a52003ac1fe3,Murphy's Tavern,Bar
55c189da498e17becc4dfd38,Dazzler Brooklyn Hotel,Hotel
4dd7d3e845ddced8208ffa61,"Queens, NY",County
49ef216ef964a52080681fe3,Viacom,Office
4baa01d5f964a52045433ae3,Dunkin' Donuts,Donut Shop
4edbbcf729c2b9122a06991c,Renew Day Spa,Spa
4cbf097828d176b0a7c6226e,Colonie,American Restaurant
4a513b17f964a520d2b01fe3,LIRR - Jamaica Station,Train Station
446b2f7cf964a52058331fe3,Umi No Ie,Japanese Restaurant
4e0b4a9bd4c091ae45da4929,Marsh & McLennan,Building
52012a28454ad48d890abe08,McDonald's,Fast Food Restaurant
4a6a38a4f964a520ddcc1fe3,NJT - North Elizabeth Station (NEC/NJCL),Train Station
4c4b557bc668e21e0839ebf9,West Elm,Furniture / Home Store
4e054753aeb74c3991029285,"Jackson, NJ",City
4a9d14aaf964a520d93720e3,Lenwich by Lenny's,Sandwich Place
4be6e2c2910020a146b8d414,Alexander Hamilton Service Area,Rest Area
4ace6c89f964a52078d020e3,LaGuardia Airport (LGA),Airport
4c1a47228b3aa5936051955f,East Harlem,Neighborhood
4b1280dbf964a520568a23e3,Walgreens,Drugstore / Pharmacy
49c28ea1f964a52000561fe3,Unidentified Flying Chickens (UFC),Fried Chicken Joint
4a0b5a0df964a520ed741fe3,7 World Trade Center,Building
4c07c6e7c69aa59329c29ba2,McDonald's,Fast Food Restaurant
4c413af8e26920a140455ee7,Citibank,Bank
4c74a6e18d70b71325b3d2ad,Yonkers Honda,Car Dealership
49f4884ef964a520156b1fe3,East River Park,Park
4b71f8aef964a5208c672de3,Applebee's,American Restaurant
4d4fe94b529dcbffe118d5c4,Joe,Coffee Shop
4ba90e4df964a5205f073ae3,Tyler Arboretum,Other Great Outdoors
4b81a0e4f964a520ceb330e3,Rite Aid,Drugstore / Pharmacy
4c1a47228b3aa5936051955f,East Harlem,Neighborhood
4f95a140e4b0c98ce230a562,UGG Australia,Shoe Store
49eb7519f964a520df661fe3,Canada,Art Gallery
4b51e366f964a520c35927e3,Underhill Playground,Playground
4bd1a8d85e0cce72eecba184,Econo Lodge,Hotel
4a329cc9f964a520679a1fe3,Atelier New York,Boutique
4b5c6546f964a520e92d29e3,Church in NYC - Manhattan Hall,Church
4db4535290a0843f2969a135,Pelham Bay Parkway Greenway,Park
49dc07e4f964a5204d5f1fe3,Ben & Jerry's,Ice Cream Shop
507ee868e4b0705ee53ed8b2,Stapleton,Neighborhood
49b79f54f964a5202c531fe3,Rockefeller Center,Plaza
4c00285737850f4708d6973f,Orleans Northbound Rest Area,Other Great Outdoors
4f320e8719833175d60c33af,Tabernacle Inn,Food
4a15c43af964a520ce781fe3,Maoz Vegetarian,Middle Eastern Restaurant
51c4b169498ee2e8364a2bb9,Sunac Natural Food,Health Food Store
4c7fc79ed860b60c8ad9619d,"Astoria, NY",Neighborhood
530f56f7498e94039613daeb,OCM @ 80 Bowery,Office
4b85b99df964a520416f31e3,Aldo,Shoe Store
4ba90328f964a5207d033ae3,D'Agostino,Grocery Store
557ae79f498e76447248855a,Uptown Roaster,Coffee Shop
4be9a9e9415e20a1b01be4bb,Alley Pond Park,Park
43a52546f964a520532c1fe3,John F. Kennedy International Airport (JFK),Airport
4502fa36f964a520d4381fe3,Amy's Bread,Bakery
56760409498e41688e912f71,Playa Betty's,Taco Place
4409d2dbf964a52065301fe3,Northeast Kingdom,American Restaurant
4c97edbdf419a09395806b88,"Brooklyn, NY",County
4b8ca93df964a520bcd932e3,Greenway Grille & Bar,New American Restaurant
55690a82498ef35cac42a003,KAVA Restaurant and Lounge,Mediterranean Restaurant
4a739c82f964a520eedc1fe3,Lighthouse Park,Park
4b7f36d0f964a520ae1f30e3,Cambria Car Wash,Car Wash
4acf58baf964a52028d320e3,New York City,City
4b6a09cff964a5206ac32be3,Pershing Square Signature Theater,Theater
4bbe623eb083a593d7efa1e9,Max & Erma's,American Restaurant
4b491936f964a520c46526e3,Golden River,Chinese Restaurant
52c70557498edb80c024e03a,Crunch,Gym / Fitness Center
4bce65e8fb84c9b6ebdc233e,Captain Jacks Goodtime Tavern,Bar
4a699cddf964a520f3cb1fe3,Starbucks,Coffee Shop
4d668c5c838654818c8df953,"Forest Hills, NY",Neighborhood
4d7fb327b25d6dcb33d5d242,Tappo,Pizza Place
4a8c9695f964a5209c0e20e3,Teodora,Italian Restaurant
4b818c82f964a5203aae30e3,City Island,Neighborhood
4a5cebdcf964a520dabc1fe3,"The Garrison, Gateway to the Hudson Valley",Golf Course
4fc7eef8e4b081b29e38a28e,1st Patriot Abstract,Office
4f2a6d55e4b04e33ba6416f9,Panera Bread,Sandwich Place
4b215f33f964a520da3a24e3,Martino's Pizzeria,Pizza Place
4b5645adf964a5209b0828e3,Samuri Fusion Sushi,Sushi Restaurant
52456dca11d2c2e555a4b7f8,Black Horse Bistro,Café
4fdfb635e4b0709249a6562c,Pearl Street Playground,Playground
4b75af66f964a520e31c2ee3,Mitoushi Sushi,Sushi Restaurant
4c01371c360a9c740c1bd9a0,Spring Valley Equestrian Center,Farm
4c3d106fb169c9b6d3a24668,"Jersey City, NJ",City
51e70d66011cf34b0db8da54,Fellow Barber,Salon / Barbershop
4c51a6d03940be9a09403809,"Jackson Heights, NY",Neighborhood
4c5ef77bfff99c74eda954d3,Eataly NYC,Gourmet Shop
5658f375498efa94683f3422,Tree House Bk,Lounge
451287ebf964a520a1391fe3,Google New York,Office
4c5f529ab6f3be9a8f085d73,"Queens Village, NY",Neighborhood
5062f71829a68b4617ea3e76,EXIT Kingdom Realty,Real Estate Office
4e3484038877beb5e9a22a0b,Café China,Chinese Restaurant
4a27d8b3f964a5208c911fe3,Ripley-Grier Studios,Dance Studio
4b2e59caf964a520a9de24e3,Dunkin Donuts,Donut Shop
50b7a31be4b08ce3c6a733d2,'Essen,Deli / Bodega
53da8b41498eb2fa60cd3341,The Mall at Bay Plaza,Shopping Mall
506776cce4b064a76cc48169,holiday harbor marina,Harbor / Marina
4eb13d68e5e8c0f5bd2fd983,Dominique Ansel Bakery,Bakery
4a4821f5f964a52095aa1fe3,Lincoln Tunnel,Tunnel
4ce7f531f8653704a025adc4,Access Physical Therapy And Wellness,Medical Center
4d4de33cd6f3224bca73a1a6,"New Rochelle, NY",City
4f178012e4b0f1e7ba77133e,"South Jamaica, NY",Neighborhood
4b4a560df964a520558426e3,Taco Bell,Mexican Restaurant
51d81eae498e0d1c225a532c,Mount Olive Baptist Church Of Hollis,Church
4b1ee6fef964a520552124e3,Lycée Français de New York,School
522732b611d232d9f01b8651,The One Boutique Hotel,Resort
4f031f2f6c25c5ce84501dd5,Community Care Family Medicine,Doctor's Office
4accbc2ef964a52052c920e3,National Black Theatre,Theater
4c4c75329e6dbe9a3da5850d,Edgewater Waterfront,Scenic Lookout
4c02ec6bf56c2d7f442f1c66,Crown Heights,Neighborhood
4b3b5476f964a520887225e3,"Nutley, NJ",Town
51646003e4b0920457cb4e44,Tracey's Hair Illusions,Salon / Barbershop
4af36344f964a5202aed21e3,Big Apple Circus,Circus
4c1a0d91fe5a76b03a710415,"Elizabeth, NJ",City
4cb18099b4b0a35d588452ce,Mobil,Gas Station
4c96b35e15829521f0f52aa8,PetSmart,Pet Store
4ceb041afe90a35de6e0500e,The Peoples Improv Theater,Comedy Club
4b031b76f964a520b24c22e3,San Carlos Hotel,Hotel
51c080d9abd88bfe62869a59,sweetgreen,Salad Place
4acf58baf964a52028d320e3,New York City,City
4ea78610cc21adeb98f1ca2d,Castle Hill,Neighborhood
5346f0eb498e55d223a6bad3,WeWork West Broadway,Coworking Space
4e26eba0149503e3719ae51d,"Arverne, NY",Town
52d9a6a7498ebec9163a8a78,Kings Tavern,Sports Bar
4ba4bd65f964a520a3b038e3,Super Stop & Shop,Supermarket
41e46880f964a520d81e1fe3,Don's Bogam Korean BBQ & Wine,Korean Restaurant
4eaa765d4fc6d0cb8bba78fd,Morris Heights,Neighborhood
436bf600f964a520b2291fe3,The Princeton Club of New York,Social Club
4c02ec6bf56c2d7f442f1c66,Crown Heights,Neighborhood
4d1e9c86e56f6ea8cda6661d,"Ridgewood, NY",Neighborhood
43a52546f964a520532c1fe3,John F. Kennedy International Airport (JFK),Airport
52ca53b0498e76aa743adf37,225 E 85th St,Residential Building (Apartment / Condo)
533ed2e0498ef71df826574a,Model City,Neighborhood
45ab7c7af964a52044411fe3,Museum of Sex,Erotic Museum
4b2ad323f964a5205eb024e3,A & J Pizza,Pizza Place
49df5807f964a520c0601fe3,Cafe Exchange,Restaurant
4bd4b3bd29eb9c74f13092e1,Tai Lai Chinese Food,Chinese Restaurant
4fc98019e4b0ddddfbb5eeaa,Jasmin Lounge,Hookah Bar
4b64a813f964a52010c62ae3,Macy's,Department Store
4b0b811af964a520f43123e3,City of Batavia,City
49c2df9cf964a5203b561fe3,"Apple Store, West 14th Street",Electronics Store
4c0fcbf7336220a1245ece77,New World Mall 新世界商城,Shopping Mall
4e613df262e13e3bce1f28e0,Greenwood Park,Beer Garden
4b1dd6d4f964a520cf1524e3,M Noodle Shop,Noodle House
4bc62da7db8fa5931de69b37,URJ Kutz Camp,Summer Camp
430d0a00f964a5203e271fe3,Brooklyn Bridge Park,Park
4dab7425fa8cc764974da770,Bedford-Stuyvesant,Neighborhood
4bed84366e8c20a193797061,New Jersey / Pennsylvania State Line (I-276),Border Crossing
4bdf3b11e75c0f47595aca03,Parkview Animal Hospital,Veterinarian
4c90c8b37f3b8cfa96e4961e,909 3rd Ave,Office
4b58d029f964a5207c6c28e3,CVS/pharmacy,Drugstore / Pharmacy
4f82f610e4b042dc232269ea,Downtown Rochester,Neighborhood
4a6cdeb8f964a520e0d11fe3,Freddie & Pepper's Pizza,Pizza Place
4bf464ede5eba593e99c1f90,Verizon,Mobile Phone Shop
4c27948ca852c928c479e86c,The Glens,Building
3fd66200f964a52006e31ee3,Delia's Lounge & Restaurant,Cocktail Bar
4b527993f964a520057f27e3,Sbarro,Pizza Place
4f91d07be4b0277c9916841f,Exxon,Gas Station
4a93098ff964a520961e20e3,Sushi Lounge,Sushi Restaurant
4ba380cbf964a520854238e3,TD Bank,Bank
4df63fc76284fefe8fcb5f69,NYU School of Professional Studies,University
4c5c46329b28d13a664e5670,Cypress Hills - NYCHA,Housing Development
4ba01397f964a520f15737e3,Associated Supermarket,Grocery Store
4b5d9155f964a520d06129e3,Jacob K. Javitz Federal Building,Government Building
4ede2d744901c8be21f811dd,Johnston Paper,Factory
4dfc27a2fa76c83b6e7bf5cb,Alphabet City,Neighborhood
51b0c7b0498e620dc2f65044,AC Expressway,General Travel
4b105a11f964a520726e23e3,Pluckemin Inn,American Restaurant
4c5cd0ca9b28d13af9175870,White Castle,Burger Joint
4dcc472188770938019569a1,Thacher Park Scenic Overlook,Scenic Lookout
49de0156f964a52021601fe3,Metro North - Harlem - 125th Street Station,Train Station
3fd66200f964a520f2e61ee3,Monster,Gay Bar
4c2cd1bad1a10f47c20dfa64,Golden Krust Caribbean Bakery and Grill,Caribbean Restaurant
4fea4f60e4b020f59d4b35ab,Dudley's,Australian Restaurant
4ac10f68f964a520a29520e3,Starbucks,Coffee Shop
563ac375498ed9576b893e79,Empanada Mama,Spanish Restaurant
4b6c1991f964a520d7232ce3,The College Of Saint Rose,University
4b97bb2cf964a520541235e3,No. 7 Sub,Sandwich Place
4c098433340720a145f18493,Spencerport High School,High School
4b55f3b4f964a5205ef827e3,"Merck & Co., Inc. - Rahway Campus",Office
3fd66200f964a520bbe61ee3,The Roxy Hotel,Hotel
4b154fedf964a52081af23e3,Allen Fieldhouse,College Basketball Court
4afa22cff964a520fd1622e3,Washington Heights,Neighborhood
4dc45bdeb0fb5556ccd540ac,Waverly Pharmacy,Drugstore / Pharmacy
4ac13d5ff964a5205b9620e3,Equinox East 74th Street,Gym / Fitness Center
50b031c4e4b0a2172d93abb3,East Greenwich Township,Neighborhood
4bb8ab0053649c74852f47fb,Robert C. Moses Park Dog Run,Dog Run
4dffb158aeb7fa1f7b0531e7,Maryland Beach,Beach
4c51b868cad99c74d17f32c3,McDonald's,Fast Food Restaurant
5286906a498e3289da676fe7,Starbucks,Coffee Shop
4528a216f964a520173b1fe3,Queens Center Mall,Shopping Mall
53944df4498ea90b2e5749fd,Annadale Terrace,Restaurant
4e665c29d164ddd5e76b16cf,Madewell,Women's Store
4e6fd39c45dd04ee464f3b20,Factory Direct Trailers,Automotive Shop
500885c1e4b0ee4b34bd2df3,Calvary Baptist Church,Church
4de3f6081f6e3190cd33f01a,Scenic Overlook Elevation 1254,Other Great Outdoors
49e4a769f964a52015631fe3,Coney Island Beach & Boardwalk,Beach
50bb5f0ef31c3d7ddcb5b417,Flushing Chinatown (法拉盛),Neighborhood
4b159157f964a520f5ae23e3,Le Pain Quotidien,Bakery
4a888403f964a520bb0620e3,Equinox Flatiron,Gym / Fitness Center
4bf4a005ff90c9b6f5895528,Masjid Al-Hikmah,Mosque
53f542ca498e07b7673052fe,Rocka Rolla,Bar
4baa8428f964a520b2703ae3,Empire Blvd,Other Great Outdoors
4c158ac177cea5934f73d260,Hamilton Heights,Neighborhood
4c1c1d9cb489b713115da9c7,"McCollister's Transportation Group, Inc.",Building
4ddd6d08227106a58b7539d6,Vino Volo,Wine Bar
4b89e524f964a520985432e3,Genesee Valley Club,Non-Profit
4ab69777f964a520047820e3,Guh Song,Korean Restaurant
4b2fc9c1f964a520f1ef24e3,LG Electronics USA (HQ),Office
4b071b8ef964a52062f722e3,New York Mart,Supermarket
52b7951011d20d6e15eb9770,Dutchess Marketplace,Flea Market
4b92c978f964a520ab1b34e3,Tabor Road Tavern,New American Restaurant
4c3f21b983a3a5936900ef33,Bonita Nails,Cosmetics Shop
3fd66200f964a520e1f01ee3,Billy's Sports Bar,Sports Bar
4af318f0f964a5209fea21e3,Graybar,Business Service
4db370e01e7248d1358d6f6b,Magickal Realms,Miscellaneous Shop
4ecb8c3a9adfd1f5b504ff37,SanDee's Pub,Pub
4e5a48d8185036bc29efb979,Sacred Sounds Yoga,Yoga Studio
53a4d335498e5cd1fc526408,Crunch,Gym / Fitness Center
5012f2c5e4b07ac9f14bf90c,Orthopedic Surgery and Rehabilitation Center,Doctor's Office
4b784174f964a520f7bf2ee3,Applebee's,American Restaurant
4a635e65f964a520e3c41fe3,Bagel Express III,Bagel Shop
4b5e70e7f964a520d08e29e3,Target,Big Box Store
4bb66dad941ad13ad4691fe3,Eric's Office,Bar
4b5da485f964a520cf6429e3,Western Beef,Grocery Store
4fef80e3e4b0eb75854f1951,Veterans Of Foreign Wars,Building
566dd011498e2d314538a2b9,Blue Apron Satellite,Tech Startup
4a9bd507f964a520503520e3,Weber Shandwick,Office
54c3aea2498eb4050f2e28e6,Juniper,Bar
4b785f0cf964a5201cc92ee3,IHOP,Breakfast Spot
5452a892498ed303dbf9ccec,"SLT (Strengthen, Lengthen, Tone)",Gym / Fitness Center
4bb8ba217421a5938506c240,St Monica's Church,Church
4ba2bb21f964a5205c1438e3,Taco Bell,Taco Place
4c6b290ea48420a1be92090b,"Paterson, NJ",City
4a9ae1cef964a520543320e3,Macombs Dam Bridge,Bridge
4c2e581fa0ced13a07ad0e6e,Ralph's Italian Ices,Ice Cream Shop
4bb9eea2cf2fc9b686e9a002,Orange County Airport (KMGJ),Airport
456ebbbff964a520163e1fe3,NYU Bobst Library,College Library
4b4f3733f964a5209cfd26e3,Paychex Inc,Office
4cc8c6b45c17b60c4e6d0505,Red Robin Gourmet Burgers,Burger Joint
4f89bb3ee4b03a0f25b645af,IWC Schaffhausen,Jewelry Store
4abcf59cf964a520d48720e3,Silo Cafe,Sandwich Place
4d02666edc18b1f73c0eec10,Martini 494,Cocktail Bar
4b906e70f964a5200d8a33e3,Obal's Inn,Bar
4bc296b14cdfc9b635639621,Boulevard East,Scenic Lookout
4b748712f964a52003e22de3,Sephora,Cosmetics Shop
4f8468cbe4b016307749b0de,580 5th Ave,Office
4c725357ad69b60c4d1a83b9,Courtsquare,Office
4aad64c6f964a5200a6020e3,Brooklyn Navy Yard,Factory
4c5bfe9b85a1e21e10505511,Mango,Women's Store
4dd7d3e845ddced8208ffa61,"Queens, NY",County
49ee2410f964a52029681fe3,Starbucks,Coffee Shop
4b75e704f964a5205c2d2ee3,Fair Lawn High School,High School
4cc0b96656bda093199de735,Molloy's Irish Pub,Bar
51f936fe498eb784a3d6b678,Societe Generale,Office
55787a95498e3570bae8ed40,Palombo Bakery & Caffe,Dessert Shop
4bd44b84a8b3a5937e7f6b5f,MetLife Stadium,Football Stadium
50a67f15e4b0b339ad09119b,New York Manhathan,General Travel
4b95cc3bf964a52098b334e3,Taco Bell,Fast Food Restaurant
50d5e65be4b0bc5a558dd486,Modern Dental,Dentist's Office
45c76421f964a52066421fe3,Starbucks,Coffee Shop
4febc617e4b00f39060c7f7b,"Rahway, NJ",City
4f385bfde4b0179e5e95ae9a,Family Dollar,Convenience Store
45fa3e3df964a52050441fe3,Natsumi,Sushi Restaurant
43a52546f964a520532c1fe3,John F. Kennedy International Airport (JFK),Airport
4b636d6af964a52000792ae3,Super Stop & Shop,Grocery Store
4c506adb7537e21e5be1e789,Atlantic group,Coworking Space
49fe2f8af964a5207b6f1fe3,New York Sports Club,Gym
40a55d80f964a52020f31ee3,Clinton St. Baking Co. & Restaurant,Bakery
4f32bb1719836c91c7f4431d,Rustic Barn Pub,Bar
4bbe1ecf9474c9b66a1bd9b6,Arthur Ashe Stadium - USTA Billie Jean King National Tennis Center,Tennis Stadium
4c2586b1905a0f47aecc6160,Gulf,Gas Station
4a5aa675f964a520b5ba1fe3,Green Kitchen,Diner
4a1c91b1f964a520527b1fe3,Starbucks,Coffee Shop
523c63a5498eb5c24a24a62f,Kessler Rehabilitation,Medical Center
4c6ae9cf2d9976b0f06e063a,Bella Mia's Italian Cuisine,Pizza Place
4abe5fb8f964a5200f8d20e3,New York Sports Club,Gym
4c0b32d37e3fc928650bf582,Upper East Side,Neighborhood
4a478d19f964a520d2a91fe3,Staten Island Ferry - St. George Terminal,Pier
4cd713dfd2f62d43623f7d6e,MTA New York City Bus - Bx15/Bx15LTD/Bx21 @ 3rd Avenue & Westchester Avenue,Bus Station
4bf05e59393fc9b67ebb012b,Tenchodo Laundromat,Laundry Service
4b80975cf964a5205d7f30e3,Rraci,Italian Restaurant
49ef216ef964a52080681fe3,Viacom,Office
4c093854009a0f474e5ee7bf,Radnor High School,High School
4c3b17a81a1cd13aecbdb50d,St Pius X Church,Church
4b1573d0f964a52010ad23e3,Cafe Basil,Café
4f43b29be4b0ee9b22920dcc,DSNY Transfer Station,Government Building
4ce9b1fcfe90a35d7bf2490e,The Clinton Restaurant,Italian Restaurant
4dc5a9c8e4cd169dc6532c66,Shelsky's Smoked Fish,Bagel Shop
4bbd2800593fef3b3d2d0356,"Manhattan Eye, Ear, Nose & Throat Hospital",Hospital
524b1304498e01fb4e93fb65,Brio Tuscan Grille,Italian Restaurant
4b4e3233f964a520dbe426e3,Binghamton University,University
4b3bdd2cf964a520f57c25e3,Madison's,Italian Restaurant
4459d2f1f964a520d7321fe3,Newark Liberty International Airport (EWR),Airport
4b65ac20f964a520ebf82ae3,Five Below,Miscellaneous Shop
4a6db92af964a520dfd21fe3,Code and Theory,Office
4abe5009f964a5209b8c20e3,Laurel Acres Park,Park
4be1e74287e42d7fc443880b,C-Town Supermarkets,Supermarket
4bf80e615efe2d7fdd006a34,Lake Oscawana,Lake
4db9f3a50437ffd207981bfa,West Village,Neighborhood
4f1615c6e4b0472049667c71,Planet Fitness,Gym / Fitness Center
4e628332d22d509a39a9a788,"Newark, NJ",City
4bace37ff964a5201d163be3,Louie's Texas Red Hots,Hot Dog Joint
46ac520df964a52071491fe3,Randall's Island,Island
517535d0e4b033e538d48305,Undertone,Tech Startup
5021b11be4b072c7e69176b7,Snap Fitness 24/7,Gym
51cf1ad3498e60331022d1b0,Wok to Walk,Noodle House
49cbdc03f964a52024591fe3,The Greene Space at WNYC,Performing Arts Venue
4bfff29cf61ea5939506eb13,Natty Garden,Garden Center
4b8fe133f964a520166733e3,William S. Guttenberg Information Technologies Center,College Technology Building
4c004d44ca1920a1b734ee81,Cutchogue Harbor Marine,Harbor / Marina
4a1c91b1f964a520527b1fe3,Starbucks,Coffee Shop
4e3a21dfb61c8493db51d845,Yonkers Water Tower,Monument / Landmark
4be5c6572468c928fc870043,NJ Transit Bus 159,Bus Line
4e6dfbc562e1ce64872d94ec,Kean University East Campus,College Academic Building
4e1227e6d4c07597ff871f48,Shrewsbury River Bridge,Bridge
56943cb3498ec5746f8601b6,Galatia Moda,Health & Beauty Service
4c32362466e40f47ea23c68b,Mullica River,Lake
4aec5e5af964a5206ac621e3,nuBest salon and spa,Salon / Barbershop
4c0868ebffb8c9b6d6516861,St. Benedict's Preparatory School,School
4b150df9f964a52011a823e3,Neuberger Berman,Office
4ae37ac8f964a520a49521e3,Lam Zhou Handmade Noodle,Noodle House
4e6ce1ab1495f34925b9caf4,"Montclair, NJ",City
4a3d766ff964a52051a21fe3,Theater Row,Theater
45b3d761f964a520b1411fe3,Food Emporium,Supermarket
4cf6eb7de308236afaeee8ac,The Cage,Baseball Field
4e74d8cbd4c09344719d569d,Lansing Market,Grocery Store
45f6af33f964a5202c441fe3,Fornino,Pizza Place
544bdb05498e693acb03b289,The Plaza Food Hall,Food Court
3fd66200f964a52057e51ee3,Nublu,Nightclub
4e00c8a552b1ac66aac81e9a,Chipotle Mexican Grill,Mexican Restaurant
535978ff498ec5450feaef85,Azasu,Japanese Restaurant
4a882465f964a520460520e3,New Spring Garden Restaurant,Dim Sum Restaurant
4cbe1c4da0c4f04d8f5b4d31,Cusp Crepe and Espresso Bar,Café
4eca786a6c251306cee623f5,"2U, Inc.",Tech Startup
4a9059b0f964a5206f1720e3,Cedar Lake,Lake
43695300f964a5208c291fe3,Empire State Building,Building
560a9d9b498e4a17fa12b88f,Routine Coffee,Coffee Shop
43a52546f964a520532c1fe3,John F. Kennedy International Airport (JFK),Airport
4c091e0abbc676b0a19647d5,Dunkin Donuts,Donut Shop
4a9c60eef964a520ff3620e3,Old Navy,Clothing Store
3fd66200f964a5204de31ee3,Kelley & Ping,Asian Restaurant
4c66ea36b80abe9a456ccee5,Shelridge Country Club,NA
4c32246616adc92800a2c19c,Verizon,Mobile Phone Shop
565d2f9b498ec2c1b3cf3d2d,Avenida Cantina,Mexican Restaurant
4a494688f964a52029ab1fe3,B. Cafe West,Gastropub
53c3dd95498e4177c135c648,Macy's,Department Store
4cbdd2cf035d236a0825ed4e,Wayne Car Wash & Detail Center,Car Wash
4459d2f1f964a520d7321fe3,Newark Liberty International Airport (EWR),Airport
4a888403f964a520bb0620e3,Equinox Flatiron,Gym / Fitness Center
44b78a37f964a52070351fe3,Minetta Tavern,American Restaurant
4ccd5d9aba0a548161074359,Afrim's Sports Dome,Soccer Field
4b0edef9f964a520315c23e3,NJT - Perth Amboy Station (NJCL),Train Station
4bc34a294cdfc9b6a01a9721,Happy Cafe,Chinese Restaurant
43a52546f964a520532c1fe3,John F. Kennedy International Airport (JFK),Airport
4c21a2f999282d7ff6f265b0,NYCHA - Sheepshead Bay Houses,Housing Development
4b0dc59af964a520cd4f23e3,Kosher Deluxe,Burger Joint
457bf86df964a520f83e1fe3,Uncle Vanya,Russian Restaurant
4b560586f964a52066fc27e3,Columbia University Mailman School of Public Health,University
4dd814b0cc3f75159f24285a,Gamers Paradise,Arcade
500eeb1c6de406feaec6ae65,7-Eleven,Convenience Store
4d6d3bce125eb60c985e324e,360i,Advertising Agency
4ab68adaf964a520b67720e3,Elbo Room,Pub
4b191a58f964a520ffd723e3,Dunkin' Donuts,Donut Shop
55f96d71498e452a8e98af29,Starbucks,Coffee Shop
53ef55c5498ee9e1a553fecf,Cohocton,City
516c361ee4b0416e3b77344c,Dirkes U-Pull It,Recycling Facility
4c7ba11e81bca093c29b0315,1000 Island Bait Store,Sporting Goods Shop
49c99502f964a52083581fe3,Lotte New York Palace,Hotel
4d9a38111a29a1cdfb5d6b02,Kam Fung Chinese,NA
4cde9b917e2e236a5337801b,Route 70 Flea Market,Flea Market
408da280f964a520d8f21ee3,NYU ITP,College Arts Building
4c86560747cc224b7372a89f,Metropolitan Tower,Building
4b9ea96ef964a520a9f736e3,Old Navy,Clothing Store
4e7a39122271920e476b47e3,7-Eleven,Convenience Store
4bc41472dce4eee18aec719d,Courtyard by Marriott Lincroft Red Bank,Hotel
4ed2d0cb77c8ea62fefef8b0,Bar Basso,Bar
4a4954def964a52033ab1fe3,Sunac Natural Food,Health Food Store
4ef334d16c253bf124af2a28,"Keesville, NY",City
521550ae11d299f757369ce6,Nailsway,Nail Salon
4f10c8cce4b0456266737b23,Miles,Cocktail Bar
4e1e226c18a8c231d0adde14,"Franklin Park, NJ",City
4be48060bcef2d7f29a502e5,James J Braddock North Hudson County Park Dog Run,Dog Run
4b64b16bf964a520e1c82ae3,Bed Bath & Beyond,Furniture / Home Store
4f1f4a05e4b0aabf51dbaede,A&T Barbershop,Salon / Barbershop
4af36344f964a5202aed21e3,Big Apple Circus,Circus
412d2800f964a520df0c1fe3,Central Park,Park
4b94255ef964a5201f6b34e3,Starbucks,Coffee Shop
4ccdec1bc9b8468863e0c5c3,Union Plaza Care Center,Medical Center
4283ee00f964a5209d221fe3,Jacob K. Javits Convention Center,Convention Center
4eb08a28be7bb9c3ee94aa2d,Jazzercise Fitness Center,Gym
54bac253498e94c7a5201b01,Bushwick Bakery,Bakery
4b02fd24f964a520b04b22e3,809 Lounge,Lounge
4bc204e14cdfc9b6c8609521,Mobil on the Run,Gas Station
4bb4f3f1eb6dd13ace8f96e4,New York Times - Newsroom,Coworking Space
4aff676af964a5203f3822e3,Starbucks,Coffee Shop
4c94facd38dd8cfac729ce62,Exclusive Cleaners,Laundry Service
43fe1ba4f964a520f82f1fe3,Barnes & Noble,Bookstore
4b817b9af964a52038a930e3,"Bloomfield, NJ",City
4bb7ce5998c7ef3b92663002,St. Mary R.C. Church,Church
4ddc9302887775ea9c44a155,Phoenix,Gay Bar
4ff0e85ee4b036efb47b6147,Niu Noodle House,Noodle House
4adbc083f964a5206d2a21e3,Eileen's Country Kitchen,Restaurant
4b0dc4abf964a520b64f23e3,Metro North - Spuyten Duyvil Train Station,Train Station
51351acfb0b998a0d52be508,United Club,Airport Lounge
412d2800f964a520df0c1fe3,Central Park,Park
49ccb999f964a5208d591fe3,The Mean Fiddler,Bar
4a0c2e7bf964a52014751fe3,New York Hilton Midtown,Hotel
55530a2a498e897801ba241b,Clairmont Auto Body Inc,Automotive Shop
4c2249077e85c9282cc6bb21,Hobby's Delicatessen,Deli / Bodega
4d974db9744f37046507d157,Mazda Of West Ridge,Automotive Shop
4dc4017ee4cd169dc627708f,Empire State Orthopaedics,Doctor's Office
4d938bcc578ba09378d48f57,Rochdale Village Circle 2,Residential Building (Apartment / Condo)
4b5f1844f964a520c6a529e3,US Post Office,Post Office
4c7fc79ed860b60c8ad9619d,"Astoria, NY",Neighborhood
4b6f2474f964a520e3df2ce3,McDonald's,Fast Food Restaurant
3fd66200f964a5208bea1ee3,Novecento,Argentinian Restaurant
49b7ed6df964a52030531fe3,Times Square,Plaza
4c0702ea2e80a593fd1375f9,Willie's Steakhouse,Latin American Restaurant
4d6dd9bbffedf04d6cf05ac5,"Fleetwood, NY",Neighborhood
4c0e9e67c6cf76b04c078151,Genesee Conservation League,Other Great Outdoors
4b5bcca2f964a520df1629e3,Classic Lanes,Bowling Alley
4a64e954f964a520f6c61fe3,Café Regular du Nord,Coffee Shop
4b648e55f964a52050bd2ae3,Fort Wadsworth,Historic Site
4d113a45c5556dcbf691c790,Junior's,Grocery Store
4c2f86ea7cc0c9b67ae1eb9a,Chautauqua Lake,Lake
4a3d30adf964a520f0a11fe3,Flushing Meadows-Corona Park,Park
49e4ec34f964a5206e631fe3,Newport Centre,Shopping Mall
4c1f8c43920076b00be6c4e9,Orange Ulster BOCES,Trade School
4b829aadf964a52056da30e3,The Weather Channel NYC,Office
4c3d6ba2933b0f47326ae521,White Castle,Burger Joint
4bc23af3461576b04f197d32,Broadway Bridge,Bridge
3fd66200f964a520def11ee3,Union Square Park,Park
4dbc66c76e810768bf5ded36,Pfizer Building,Building
41102700f964a520d60b1fe3,Macy's,Department Store
4b9d42e2f964a520029e36e3,All Seasons II Diner,Diner
4ada8cf5f964a520712321e3,United Club,Airport Lounge
4ba567a4f964a520d70339e3,Shine's Bar,Pub
4bcb13ce3740b71332ba6165,Jamaica Muslim Center,Mosque
4ace6c89f964a52078d020e3,LaGuardia Airport (LGA),Airport
412d2800f964a520df0c1fe3,Central Park,Park
4b3ff7a8f964a52031b325e3,Suzu Sushi,Sushi Restaurant
4e4e2e1662844166697bd28c,REI,Clothing Store
56c8a0aacd1086e246e41f38,Brooklyn FoodWorks,Event Space
4bab56aff964a5209ea13ae3,Hudson River,River
4dd12a38183899ddfb154ee9,"Maspeth, NY",Neighborhood
4bbc8ef4e45295214d0256a4,NJT - Martin Luther King Drive Light Rail Station,Light Rail Station
43a52546f964a520532c1fe3,John F. Kennedy International Airport (JFK),Airport
53e634d0498e1357c21d493a,The Spot,Café
4b5382b9f964a52060a027e3,New York Sports Club,Gym
4c8d41238018a1cd2de2f3d2,Hill Top Manor,Residential Building (Apartment / Condo)
49f85cbbf964a520f26c1fe3,Mitsuwa Marketplace,Grocery Store
4cc5cab41e596dcb1766da67,West Hall,College Arts Building
4df0dba888775c5de128dc32,Firefighters Memorial Park,Pool
4ab90912f964a520c17d20e3,One on One Studios,Building
4e34496fa8092599edf845bb,Maharlika Filipino Moderno,Filipino Restaurant
5449495a498e78a9fe590a21,Bandier | Flatiron,Clothing Store
4c9e7e55d3c2b60c5cf6cbbc,Proietti's Italian Restaurant & Catering,Italian Restaurant
4b2da0ddf964a520c9d924e3,Upper West Side,Neighborhood
538150e6498ea82192d3722a,Diamond Krust Restaurant & Bakery,Caribbean Restaurant
4c12a72da1010f47b1414918,Youngs Fine Wines & Spirits,Wine Shop
412d2800f964a520df0c1fe3,Central Park,Park
4e02515c62e12fb0893d399d,Showroom Delfina,Office
4e55a736a809cbf4e4720053,"West Orange, NJ",City
52e3eef9498e1affb602399b,Double Dutch Espresso,Coffee Shop
40f1d480f964a5206a0a1fe3,High Line,Park
4a19d10ff964a520597a1fe3,Magnolia Bakery,Bakery
4bafcc2cf964a5208e213ce3,Matrix Fitness Club,Gym
4bfa192b5ec320a1eb448bd3,Jay's Elbow Room,Bar
4b3804dbf964a5205d4a25e3,Lords Bakery,Bakery
4b042c80f964a520ca5122e3,Minado Restaurant,Japanese Restaurant
4b9a9f22f964a5201dc735e3,Wendy's,Fast Food Restaurant
4a43a242f964a5209da61fe3,The Container Store,Furniture / Home Store
4c1e363401379521ac5d47f3,Pittsford Family Dental,Dentist's Office
4ec008d061af06192b5cf6fa,The Land,Bar
511c1229e4b09afd49f4bc51,Attaboy,Speakeasy
506360e1e4b09dcdf8382a13,TSC - Tractor Supply Co.,Hardware Store
3fd66200f964a520b8e31ee3,Mustang Harry's,Bar
4ad0cb34f964a520dcd920e3,Kensington Deli,Deli / Bodega
4b8bf2b6f964a52013b432e3,Dunkin Donuts,Donut Shop
49cf9381f964a520af5a1fe3,Starbucks,Coffee Shop
4c8be1d6f0ce236a8bfb12ef,Primp & Polish (on Grand),Nail Salon
4a4183a0f964a5205ba51fe3,Almond,French Restaurant
55eb140a498e721cc77e1ffc,El Beauty Salon Ferreira,Salon / Barbershop
4bcdd206cc8cd13a8b27c3cf,Rite Aid,Drugstore / Pharmacy
412d2800f964a520df0c1fe3,Central Park,Park
4b788b3af964a520a8d52ee3,Limestone Grille,American Restaurant
49eabfeef964a52091661fe3,Seton Hall University,University
5420da12498ee81c3cfe9278,Patsy's Pizzeria - Bronx,Pizza Place
52463a94498eeb73e959e43b,Checkers,Fast Food Restaurant
4bf5ab5c4d5f20a1b9e297fe,Bottle & Soul,Wine Shop
516456f1e4b02852cb39b8af,Belgian Beer Café,Belgian Restaurant
3fd66200f964a520def11ee3,Union Square Park,Park
4cc70e1342d1b60cede42c13,"Bayville, NJ",City
4cb313a7db32f04d1276d44d,Academy Mansion,Event Space
4f998e3fe4b0dec19863224d,Dunkin' Donuts,Donut Shop
4c098efc340720a160088593,Stew Leonard's Wines,Wine Shop
4bee2b8e1d5576b086bdbeea,Major Mark Park,Plaza
3fd66200f964a520d7f11ee3,Bryant Park,Park
4b7c0551f964a520e9782fe3,Voorhees State Park,Park
4e43ebb6887703085fd976fd,Immigration Court @ 26 Federal Plaza,Government Building
4cdf00f278ddf04d5b369e98,"Meadowlands (marshes, that is)",Other Great Outdoors
4c5560f8f5f3d13a30a7aafb,East River Park Outdoor Gym,Gym
4c2fa953452620a183f41d0f,Bound For Glory Tattoo,Tattoo Parlor
5119007fe4b0f8a4d5c42849,Spotify,Tech Startup
4f402ae1e4b0e5bc120e3876,Fonda,Mexican Restaurant
4bcdf2e1b6c49c74b9409691,The Home Depot,Hardware Store
449e952ef964a520bc341fe3,Sant Ambroeus West Village,Italian Restaurant
4d974676a2c65481d94dd453,Carmine's Restaurant,Italian Restaurant
5508e6a0498ed4e327cd8620,Schenck Gardens,Residential Building (Apartment / Condo)
42829c80f964a5206a221fe3,Grand Central Terminal,Train Station
4bccee4c8920b7134e0f9fdc,RISE Lodi,Nightclub
49a2ef6cf964a52096521fe3,Bourbon Street Bar & Grill,Sports Bar
4530ed16f964a520653b1fe3,Rick's Cabaret,Strip Club
4dcddae5c65bdac713534871,Ponche Taqueria & Cantina,Mexican Restaurant
4beca5bfbbe62d7f59347f2b,Towne Deli Pizzeria,Pizza Place
4df3c1207d8b18e172302b29,Parking Area On Rt 81,Rest Area
4b90171ef964a520f17433e3,Gilgo Beach,Beach
49e33171f964a5206a621fe3,Wave Hill,Garden
4c4dbba292b6a593f768c26e,"Secaucus, NJ",City
53150e2ae4b0e72a36ebde09,Concourse,Neighborhood
4b341573f964a520df2425e3,H-Mart,Grocery Store
4e4ae492a8097d9c84b4f0a8,Mount Vernon Board Of Education,Student Center
51017650e4b0b335c3535c61,Vivi Bubble Tea,Bubble Tea Shop
4b9b9578f964a5205f1136e3,Diamond Nation,Baseball Field
415c9e00f964a520501d1fe3,Tom's Restaurant,Diner
4dbc72574b222080d39281fa,Little Nicki's,Italian Restaurant
4bf5dd175efe2d7f1a3e6634,"Howard Beach, NY",Neighborhood
4bc151b74cdfc9b6e6989421,Clancy's Tavern,Bar
4f429f13e4b0740e7d236648,Pollos El Chevere,Peruvian Restaurant
4c0d8f2e7189c9287e3dd7b6,Fitness II,Gym
49ef4c3ef964a52090681fe3,Brooklyn Public Library - Carroll Gardens,Library
53454780498e31dda42c8441,WeWork NoMad,Coworking Space
4fa8e613e4b03965593f4e41,"Queensboro Hill, NY",Neighborhood
451287ebf964a520a1391fe3,Google New York,Office
4bb4068ff187a593fbd013f8,Flying J,Gas Station
4bf9f9c25efe2d7fc21b6d34,Tracey Towers,Residential Building (Apartment / Condo)
4afa22cff964a520fd1622e3,Washington Heights,Neighborhood
4c055c56f56c2d7f078a1f66,Corrado Bread & Pastry,Café
4b2d3f36f964a5202ed224e3,Regal Cinemas Plymouth Meeting 10,Movie Theater
49bad9acf964a520b8531fe3,Crunch,Gym / Fitness Center
50f4983ce4b0ba731506fb61,ISCA - North Arlington,Hockey Field
4daf208d5da3cca6f0b83b68,Casa Hispaniola Cigars | Cigars Shop | Englewood Cigars | Cigar Lounge,Smoke Shop
51573dd2e4b0d20ccfd48bee,Parsippany Troy-Hills,City
4d000ecb7c56370405e9adf0,Upper Twp Primary School,College Classroom
540dc46d498e86f0e5059dd2,Zuma New York,Japanese Restaurant
4b313761f964a520e10225e3,Quaker Bridge Mall,Shopping Mall
4ba0e4e3f964a520498537e3,Pier 25 — Hudson River Park,Park
4e55a736a809cbf4e4720053,"West Orange, NJ",City
5227842e498ea4e3e579a58c,The Smile,Café
53bf1d7d498e4731c11d5a6d,"Fishers Island, NY",Island
4c374bf80a71c9b6f2893ec9,SoHo,Neighborhood
4a8c017df964a520dc0c20e3,MediaCom,Office
4cc35bd901fb236a4147a5ba,Bass River,Campground
4bc73d820050b713a144b83b,Fulton Hot Dog King,Hot Dog Joint
4a96f137f964a520a02720e3,Museum of American Finance,History Museum
4adc861ff964a520e12c21e3,NYU Steinhardt Education Building,College Academic Building
3fd66200f964a5209de41ee3,Supper,Italian Restaurant
4ec6ecc80aaf9c3ccbafef32,Starbucks (BDFM Subway),Coffee Shop
4b1ef1c7f964a520e32124e3,Metropolitan Exchange,Building
4fb23a1ae4b0ea9c3a8c1206,Vanguard Chelsea,Residential Building (Apartment / Condo)
4bd8639ce914a593291453fa,Subway,Sandwich Place
4c0b32d37e3fc928650bf582,Upper East Side,Neighborhood
4e5d3effd22db02bc93f6182,Rite Aid,Drugstore / Pharmacy
4ac7a552f964a520c2b820e3,Starbucks,Coffee Shop
4b983023f964a520a13235e3,Best Buy,Electronics Store
4bc8e18668f976b0c8315c83,Garcia's Mexican Restaurant,Mexican Restaurant
4f19bd72e4b0808f629111d1,Shanghai Heping Restaurant,Chinese Restaurant
49e49a74f964a52010631fe3,D'Amico Coffee Roasters,Coffee Shop
4ce8b5d975c62c0f28b5e657,Maple Gardens,Building
4a4821f5f964a52095aa1fe3,Lincoln Tunnel,Tunnel
4c81fb3247cc224bd8b3819f,"Hillside, NJ",Town
4a5a0495f964a520a4b91fe3,24 Hour Fitness,Gym / Fitness Center
4b1d9a38f964a520ee1224e3,Fort Hamilton High School,High School
4b3d4ee9f964a520189225e3,7-Eleven,Convenience Store
4b06d8def964a52056f122e3,The Franklin Hotel,Hotel
4cf1b5db7e0da1cd1d6d9397,ShopRite,Supermarket
4840fe6bf964a52030501fe3,Port Authority Bus Terminal,Bus Station
4e33437962845cff5a3d6a71,Famous Footwear,Shoe Store
4c15011ca5eb76b0ac89c2b7,Harmon Stores,Cosmetics Shop
4f89aa53e4b0202c0672bcc0,Hess Tire,Automotive Shop
53a0be61498eeec38e5112e0,Starbucks,Coffee Shop
4b4a98eff964a5204e8b26e3,Duane Reade,Drugstore / Pharmacy
4e387dc652b11b0b4a976750,"Manalapan, NJ",City
53d9a3eb498e0c69d66f73ae,morley's bar,Pub
4e7de736cc213a51c9fa074c,Pelham Manor Car Wash,Car Wash
412d2800f964a520df0c1fe3,Central Park,Park
52113c2a11d22390869cccac,Maya Riviera Bar & Restaurant,Mexican Restaurant
4a42263ef964a520a5a51fe3,Area Yoga,Yoga Studio
4fdf55d4e4b04e7e2a6ef1c7,Nikki's Cafe,Café
4c475e4019fde21e54130876,Just Fish Cafe,Southern / Soul Food Restaurant
49d18dfdf964a5208f5b1fe3,The Plaza Hotel,Hotel
3fd66200f964a520ccf11ee3,Penelope,American Restaurant
454b1ad3f964a520a73c1fe3,Yakitori Totto,Japanese Restaurant
4b78d1a9f964a5209ae32ee3,Thai Chef,Thai Restaurant
4af858d0f964a520680c22e3,"Manhattan NYC, an Affinia Hotel",Hotel
4bcb54a23740b7132e426265,LIRR - Atlantic Terminal,Train Station
4aad64c6f964a5200a6020e3,Brooklyn Navy Yard,Factory
4ba68758f964a520575b39e3,Schodack Island State Park,Park
4fa30f7de4b09588d436637c,Crazy Cheap Cars,Automotive Shop
4cd3f20d9828b60cc31ad884,"The Bronx, NY",County
55e49281498e5a2b02cdc600,Pitanga,Juice Bar
4b37a946f964a520d44325e3,Bowler City Lanes,Bowling Alley
4eba9443b80366dce615caa3,Emergimed  Cliffside Park,Doctor's Office
4af0c438f964a520f8de21e3,Wawa Food Market #8308,Gas Station
4bbd199ca0a0c9b611411b0f,Wawa,Gas Station
3fd66200f964a520ade61ee3,Puglia Restaurant,Italian Restaurant
51b73115498ec4c6f51a8f09,UN Trusteeship Council Chamber,Meeting Room
4b48be33f964a520105526e3,The Inn at New Hyde Park,Event Space
4cbcf7c943ec6dcbcd60b431,7-Eleven,Convenience Store
4b0d633ff964a520524723e3,Great Neck North High School,High School
49dfaf4bf964a520fd601fe3,Soy,Japanese Restaurant
4c51e982c43c03bb1f85e9e2,Steve Madden - STEVEN - Bleeker,Shoe Store
4c51d877d797e21e4f07be7c,Cumberland Regional High School,High School
52c884c511d27b1f54731fd7,Douglass Pizza & Grill,Pizza Place
4b926617f964a520c6f633e3,Dunkin Donuts,Donut Shop
4d9105f96174a09392ecffe3,WeWork Labs NY,Office
4d9e26d86f64236a57d09aa5,Bernhard Link Theatrical LLC,Office
